{"cameraMode":{"drawMode":0,"name":"Shaded","section":"Shading Mode"},"sceneLighting":true,"audioPlay":false,"sceneViewState":{"showFog":true,"showMaterialUpdate":false,"showSkybox":true,"showFlares":true,"showImageEffects":true,"showParticleSystems":true},"in2DMode":false,"pivot":{"x":0.8276660442352295,"y":6.72142219543457,"z":-0.10146552324295044},"rotation":{"x":-0.13472913205623628,"y":0.7875382900238037,"z":-0.18548563122749329,"w":-0.5720372796058655},"size":24.449438095092775,"orthographic":false}