{"cameraMode":{"drawMode":0,"name":"Shaded","section":"Shading Mode"},"sceneLighting":true,"audioPlay":false,"sceneViewState":{"showFog":true,"showMaterialUpdate":false,"showSkybox":true,"showFlares":true,"showImageEffects":true,"showParticleSystems":true},"in2DMode":false,"pivot":{"x":0.028010845184326173,"y":0.6496385335922241,"z":-5.612719535827637},"rotation":{"x":-0.19634538888931275,"y":-0.3803822994232178,"z":0.0829915851354599,"w":-0.8999279141426086},"size":4.629302978515625,"orthographic":false}