{"cameraMode":{"drawMode":0,"name":"Shaded","section":"Shading Mode"},"sceneLighting":true,"audioPlay":false,"sceneViewState":{"showFog":true,"showMaterialUpdate":false,"showSkybox":true,"showFlares":true,"showImageEffects":true,"showParticleSystems":true},"in2DMode":false,"pivot":{"x":-0.3210790157318115,"y":-2.004507064819336,"z":-6.5782060623168949},"rotation":{"x":0.016154315322637559,"y":0.9676879644393921,"z":-0.2432916909456253,"w":0.0642513707280159},"size":22.0,"orthographic":false}